collected_at,cpu_percent,cpu_cores_count,load_avg_1,load_avg_5,load_avg_15,memory_total,memory_used,memory_free,memory_percent,swap_used,swap_total,network_bytes_sent,network_bytes_recv,network_packets_sent,network_packets_recv
2026-06-19T17:56:21.032482,23.90,8,3.93,3.68,5.47,8589934592,3081142272,1345339392,84.30,10767761408,11811160064,2225362944,4196401152,45362263,139102086
2026-06-19T17:57:21.901957,90.20,8,5.44,4.08,5.49,8589934592,3369025536,1580236800,81.60,10933305344,11811160064,2225402880,4196431872,45362450,139102255
2026-06-19T17:58:22.563944,25.10,8,4.59,4.09,5.40,8589934592,3146596352,1380352000,83.90,10832642048,11811160064,2225491968,4196633600,45362784,139102623
2026-06-19T17:59:23.236119,22.90,8,8.37,5.41,5.81,8589934592,3107373056,1304199168,84.80,10863902720,11811160064,2225753088,4196974592,45363482,139103423
2026-06-19T18:00:23.883193,26.30,8,5.17,5.02,5.63,8589934592,3105783808,1361559552,84.10,10897719296,11811160064,2225845248,4197018624,45363755,139103639
2026-06-19T18:01:24.525050,29.80,8,4.71,4.95,5.56,8589934592,3158425600,1263616000,85.30,10899292160,11811160064,2225996800,4197104640,45364121,139103925
2026-06-19T18:02:26.975073,100.00,8,16.37,7.53,6.44,8589934592,3106963456,1270956032,85.20,11422597120,11811160064,2229170176,4337975296,45386007,139205650
2026-06-19T18:03:28.237212,77.40,8,19.69,9.88,7.37,8589934592,3166633984,1277509632,85.10,11493769216,12884901888,2230991872,4549950464,45399676,139357662
2026-06-19T18:04:29.714352,95.40,8,14.49,10.34,7.72,8589934592,3219881984,1252950016,85.40,11412045824,12884901888,2231706624,4569698304,45402201,139372814
2026-06-19T18:05:30.510234,28.40,8,7.69,9.18,7.47,8589934592,3113254912,1306624000,84.80,11512053760,12884901888,2232031232,4571345920,45403138,139374536
2026-06-19T18:06:31.158579,29.40,8,5.65,8.35,7.27,8589934592,3070836736,1282637824,85.10,11432558592,12884901888,2232091648,4571392000,45403471,139374832
2026-06-19T18:07:31.815352,28.90,8,6.12,7.92,7.19,8589934592,3143008256,1308950528,84.80,11341725696,12884901888,2232190976,4571515904,45403901,139375251
2026-06-19T18:08:32.480458,44.00,8,5.20,7.25,6.98,8589934592,3179003904,1262190592,85.30,11546591232,12884901888,2232360960,4571913216,45404413,139375905
2026-06-19T18:09:33.155545,41.60,8,5.38,6.96,6.89,8589934592,3085352960,1258700800,85.30,11580932096,12884901888,2232570880,4572208128,45404970,139376636
2026-06-19T20:11:17.054612,49.40,8,53.80,21.44,12.34,8589934592,3073835008,1268334592,85.20,11585585152,12884901888,2232668160,4572232704,45405415,139376745
2026-06-19T20:16:57.029112,36.10,8,21.81,18.16,11.73,8589934592,3024027648,1269989376,85.20,11525160960,12884901888,2232675328,4572239872,45405443,139376765
2026-06-19T20:20:24.213479,53.80,8,9.17,15.17,11.05,8589934592,3078389760,1340932096,84.40,11490099200,12884901888,2232686592,4572250112,45405477,139376795
2026-06-19T20:22:07.992135,33.10,8,9.62,13.94,10.85,8589934592,3062546432,1339703296,84.40,11485249536,12884901888,2232698880,4572261376,45405520,139376827
2026-06-19T20:40:04.329791,56.20,8,28.39,19.89,13.37,8589934592,3058991104,1264762880,85.30,11530469376,12884901888,2234656768,4576993280,45413808,139385275
2026-06-19T20:56:06.174545,46.60,8,19.53,19.14,13.58,8589934592,3035201536,1272889344,85.20,11759910912,12884901888,2235451392,4578443264,45416459,139387981
2026-06-19T21:27:18.832960,44.00,8,17.33,19.44,14.12,8589934592,3044196352,1268137984,85.20,11762204672,12884901888,2236208128,4580033536,45419756,139391303
2026-06-19T21:43:32.263874,44.60,8,33.97,22.91,15.72,8589934592,3021111296,1268793344,85.20,11681726464,12884901888,2237194240,4582303744,45423085,139394991
2026-06-19T21:59:32.788426,23.50,8,17.37,20.15,15.17,8589934592,3052961792,1319976960,84.60,11671764992,12884901888,2237840384,4584012800,45425628,139397781
2026-06-19T22:28:12.313830,49.40,8,11.74,18.35,14.86,8589934592,3056189440,1278853120,85.10,11723931648,12884901888,2238428160,4585266176,45427815,139400045
2026-06-19T22:44:12.813831,55.70,8,17.53,18.14,14.98,8589934592,3072688128,1297973248,84.90,11719868416,12884901888,2239581184,4587947008,45431936,139404483
2026-06-19T23:00:13.597611,24.60,8,9.31,15.67,14.26,8589934592,3126476800,1376452608,84.00,11724521472,12884901888,2240218112,4589466624,45434238,139407045
2026-06-19T23:14:04.584046,18.70,8,10.20,14.93,14.09,8589934592,3174694912,1426767872,83.40,11817779200,12884901888,2240918528,4590725120,45436641,139409509
2026-06-19T23:45:05.785525,78.00,8,31.87,18.65,15.45,8589934592,3062874112,1311653888,84.70,11688869888,12884901888,2241890304,4592709632,45440338,139413143
2026-06-19T23:46:42.661878,53.80,8,26.48,18.77,15.67,8589934592,3066019840,1280704512,85.10,11840192512,12884901888,2243150848,4595687424,45444477,139417772
2026-06-19T23:58:46.953518,61.80,8,33.75,22.73,17.39,8589934592,3081879552,1269481472,85.20,11907563520,12884901888,2244660224,4600518656,45449012,139424025
2026-06-20T00:14:45.152883,61.40,8,25.12,22.19,17.55,8589934592,3089956864,1266761728,85.30,11989549056,12884901888,2247794688,4612177920,45468965,139501124
2026-06-20T00:15:45.876990,55.70,8,16.95,20.54,17.25,8589934592,3100000256,1270218752,85.20,12018450432,12884901888,2248644608,4614200320,45471352,139504055
2026-06-20T00:16:46.560025,34.50,8,9.08,17.64,16.39,8589934592,3204268032,1401733120,83.70,12077498368,12884901888,2248742912,4614319104,45471801,139504631
2026-06-20T00:17:47.234866,42.50,8,5.68,15.05,15.50,8589934592,3057582080,1265795072,85.30,11951800320,12884901888,2248847360,4614460416,45472204,139505130
2026-06-20T00:18:47.906131,36.20,8,4.72,13.02,14.71,8589934592,3059089408,1277591552,85.10,11971985408,12884901888,2249005056,4614739968,45472802,139505813
2026-06-20T00:19:48.621996,31.60,8,4.94,11.54,14.04,8589934592,3102588928,1275953152,85.10,12060262400,12884901888,2249115648,4614895616,45473250,139506353
2026-06-20T00:35:46.839586,52.20,8,9.35,11.44,13.82,8589934592,3125313536,1310457856,84.70,11999444992,12884901888,2250101760,4629841920,45477513,139519199
2026-06-20T00:36:47.574245,33.60,8,10.14,11.26,13.59,8589934592,3143516160,1342963712,84.40,12001673216,12884901888,2250316800,4633328640,45478523,139522093
2026-06-20T00:37:48.265960,33.40,8,7.95,10.45,13.12,8589934592,3114909696,1329053696,84.50,11976507392,12884901888,2250364928,4633382912,45478740,139522327
2026-06-20T00:38:48.973828,36.50,8,7.07,9.62,12.62,8589934592,3353755648,1252966400,85.40,12222988288,12884901888,2250499072,4637392896,45479492,139525328
2026-06-20T00:54:47.178206,59.90,8,8.76,9.52,12.37,8589934592,3042213888,1265893376,85.30,11888492544,12884901888,2250875904,4638433280,45481073,139527104
2026-06-20T01:10:45.799426,43.00,8,11.75,10.39,12.51,8589934592,3111337984,1382776832,83.90,12035751936,12884901888,2251766784,4640589824,45483910,139530329
2026-06-20T01:11:46.522703,50.20,8,10.06,10.06,12.22,8589934592,3059564544,1285816320,85.00,11875581952,12884901888,2252011520,4641208320,45484777,139531282
2026-06-20T01:27:45.267358,34.00,8,9.71,10.05,12.07,8589934592,3069493248,1263419392,85.30,11915558912,12884901888,2252560384,4642259968,45486740,139533267
2026-06-20T01:43:45.764070,23.40,8,6.81,9.13,11.59,8589934592,3171581952,1393704960,83.80,12086870016,12884901888,2253082624,4643209216,45488654,139535196
2026-06-20T01:44:46.451499,28.30,8,4.82,8.10,11.03,8589934592,3229581312,1474592768,82.80,12053315584,12884901888,2253111296,4643227648,45488790,139535325
2026-06-20T01:45:47.130704,25.20,8,5.01,7.49,10.60,8589934592,3183820800,1424179200,83.40,12044926976,12884901888,2253181952,4643365888,45489105,139535613
2026-06-20T01:46:47.810054,25.80,8,5.83,7.24,10.29,8589934592,3171647488,1416347648,83.50,12019761152,12884901888,2253211648,4643389440,45489249,139535741
2026-06-20T02:10:37.787708,29.10,8,15.46,9.24,10.80,8589934592,3044884480,1264287744,85.30,11866603520,12884901888,2254309376,4645796864,45493186,139539930
2026-06-20T02:26:38.459467,48.30,8,10.93,8.90,10.55,8589934592,3057090560,1288765440,85.00,11962155008,12884901888,2254830592,4646734848,45495153,139541805
2026-06-20T02:42:38.971669,22.70,8,9.03,8.55,10.30,8589934592,3160571904,1381285888,83.90,11951669248,12884901888,2255482880,4647901184,45497395,139544073
2026-06-20T02:58:39.514476,58.90,8,8.37,8.44,10.12,8589934592,3086008320,1293991936,84.90,11909726208,12884901888,2256156672,4649338880,45499829,139546643
2026-06-20T02:59:40.205581,29.70,8,5.02,7.46,9.64,8589934592,3191291904,1431683072,83.30,11995971584,12884901888,2256279552,4649610240,45500403,139547240
2026-06-20T03:00:40.888812,45.10,8,4.21,6.78,9.23,8589934592,3148529664,1380401152,83.90,11995971584,12884901888,2256364544,4649745408,45500790,139547617
2026-06-20T03:01:41.560763,23.80,8,4.75,6.44,8.94,8589934592,3063349248,1309671424,84.80,11958484992,12884901888,2256451584,4649891840,45501218,139548028
2026-06-20T03:14:07.456627,33.90,8,12.97,9.67,10.05,8589934592,3090890752,1325334528,84.60,11933908992,12884901888,2257200128,4651615232,45504309,139551247
2026-06-20T03:45:07.824557,59.20,8,32.78,14.24,11.64,8589934592,3060252672,1263583232,85.30,11878465536,12884901888,2258113536,4653578240,45507808,139554815
2026-06-20T04:01:08.340451,32.60,8,15.51,12.72,11.25,8589934592,3165929472,1411973120,83.60,11921719296,12884901888,2258775040,4655072256,45510311,139557451
2026-06-20T04:17:07.818237,46.20,8,15.44,12.70,11.31,8589934592,3023552512,1281720320,85.10,11750211584,12884901888,2259266560,4655911936,45512121,139559173
2026-06-20T04:33:08.320151,35.70,8,9.30,11.43,10.94,8589934592,3040673792,1284358144,85.00,11738939392,12884901888,2260160512,4657648640,45514934,139562167
2026-06-20T04:49:08.795094,44.90,8,13.02,12.34,11.32,8589934592,3086450688,1326989312,84.60,11766661120,12884901888,2260704256,4658654208,45517003,139564204
2026-06-20T04:55:38.366847,61.80,8,16.74,12.66,11.46,8589934592,3103113216,1316929536,84.70,11848515584,12884901888,2260988928,4659315712,45518175,139565378
2026-06-20T05:11:38.756120,50.40,8,9.76,11.25,11.00,8589934592,3018539008,1273233408,85.20,11746607104,12884901888,2261683200,4660948992,45520686,139568139
2026-06-20T05:27:39.259953,60.00,8,8.63,10.82,10.87,8589934592,3065020416,1319796736,84.60,11833245696,12884901888,2262310912,4662104064,45522938,139570473
2026-06-20T05:43:39.825147,85.10,8,6.74,9.90,10.52,8589934592,3098411008,1277607936,85.10,11825184768,12884901888,2262847488,4663682048,45525306,139572874
2026-06-20T05:59:40.365399,44.20,8,5.48,8.91,10.11,8589934592,3216211968,1453522944,83.10,11855986688,12884901888,2263772160,4665612288,45528341,139576133
2026-06-20T06:15:40.827016,30.00,8,17.83,11.50,10.97,8589934592,3014901760,1265123328,85.30,11789074432,12884901888,2264438784,4667062272,45530691,139578572
2026-06-20T06:31:41.343504,21.90,8,8.95,10.14,10.49,8589934592,3146268672,1378975744,83.90,11816599552,12884901888,2265122816,4668545024,45533198,139581231
2026-06-20T07:04:57.886251,36.30,8,7.74,9.87,10.39,8589934592,3088711680,1308262400,84.80,11873812480,12884901888,2266203136,4674599936,45537287,139587880
2026-06-20T07:20:58.487698,76.40,8,27.38,13.34,11.55,8589934592,3174252544,1387167744,83.90,11945771008,12884901888,2266520576,4675248128,45538380,139589034
2026-06-20T07:36:58.978742,30.60,8,17.88,13.60,11.80,8589934592,3082731520,1324843008,84.60,11911102464,12884901888,2267490304,4676996096,45541627,139592277
2026-06-20T07:52:59.473718,31.80,8,22.27,15.19,12.48,8589934592,3167944704,1376108544,84.00,11894980608,12884901888,2268217344,4678781952,45544152,139595032
2026-06-20T08:09:00.048915,23.10,8,12.09,13.58,12.06,8589934592,3136077824,1363460096,84.10,11880693760,12884901888,2268886016,4680466432,45546701,139597742
2026-06-20T08:25:00.551369,55.00,8,9.38,12.36,11.70,8589934592,3049586688,1269104640,85.20,11862605824,12884901888,2269753344,4694412288,45551362,139609231
2026-06-20T08:41:01.051345,37.10,8,7.83,11.43,11.40,8589934592,3113500672,1308835840,84.80,11873615872,12884901888,2270419968,4695612416,45553721,139611545
2026-06-20T09:12:01.513908,59.10,8,23.28,14.34,12.44,8589934592,3057614848,1263730688,85.30,11900813312,12884901888,2271504384,4700100608,45557659,139617082
2026-06-20T09:13:02.233019,36.00,8,14.54,13.88,12.42,8589934592,3067461632,1283489792,85.10,11874009088,12884901888,2272048128,4701507584,45559808,139619363
2026-06-20T09:44:02.630224,60.50,8,10.06,12.98,12.21,8589934592,3108978688,1289633792,85.00,11886329856,12884901888,2272998400,4706568192,45563673,139625240
2026-06-20T10:00:03.108267,54.90,8,15.39,13.30,12.35,8589934592,3146661888,1334706176,84.50,11929255936,12884901888,2273737728,4708291584,45566236,139627971
2026-06-20T10:16:03.774574,58.60,8,22.82,15.28,13.11,8589934592,3140763648,1326088192,84.60,11964055552,12884901888,2274765824,4714502144,45570808,139634362
2026-06-20T10:24:05.065679,93.40,8,9.53,12.84,12.35,8589934592,3295477760,1535918080,82.10,11888558080,12884901888,2275266560,4715600896,45572668,139636262
2026-06-20T10:55:05.676993,64.70,8,5.98,11.26,11.79,8589934592,3188686848,1411481600,83.60,11913134080,12884901888,2275913728,4716849152,45575027,139638640
2026-06-20T11:11:06.317494,36.10,8,8.61,11.12,11.71,8589934592,3180036096,1409155072,83.60,11977555968,12884901888,2277027840,4719158272,45579090,139642803
2026-06-20T11:27:06.814512,86.90,8,5.60,9.77,11.16,8589934592,3088465920,1307951104,84.80,11885281280,12884901888,2277349376,4719704064,45580310,139644067
2026-06-20T11:43:07.490320,24.70,8,4.64,8.65,10.64,8589934592,3139305472,1366638592,84.10,11910447104,12884901888,2278344704,4722191360,45583855,139648023
2026-06-20T11:59:08.117757,59.20,8,8.59,8.87,10.56,8589934592,3065135104,1263730688,85.30,11917918208,12884901888,2279035904,4723587072,45586504,139650744
2026-06-20T12:00:08.811397,35.70,8,5.07,7.81,10.05,8589934592,3124609024,1352237056,84.30,11949506560,12884901888,2279190528,4724020224,45587227,139651709
2026-06-20T12:01:09.515773,36.50,8,4.76,7.20,9.66,8589934592,3079749632,1291730944,85.00,11888689152,12884901888,2279270400,4724336640,45587657,139652294
2026-06-20T12:17:10.215541,52.50,8,18.17,11.10,10.98,8589934592,3068329984,1279197184,85.10,11932008448,12884901888,2280281088,4726461440,45591051,139656018
2026-06-20T12:18:10.927048,30.50,8,10.61,10.26,10.67,8589934592,3095904256,1307049984,84.80,11929649152,12884901888,2280438784,4726719488,45591576,139656582
2026-06-20T12:19:11.623514,28.60,8,7.35,9.37,10.31,8589934592,3083665408,1315192832,84.70,11896094720,12884901888,2280482816,4726752256,45591804,139656822
2026-06-20T12:20:12.296325,31.80,8,5.43,8.45,9.90,8589934592,3151806464,1376649216,84.00,11942690816,12884901888,2280579072,4726938624,45592184,139657259
2026-06-20T12:21:12.974386,34.20,8,4.47,7.63,9.49,8589934592,3045621760,1323532288,84.60,11934302208,12884901888,2280667136,4727046144,45592494,139657637
2026-06-20T12:22:26.401772,43.30,8,33.53,15.60,12.35,8589934592,3132686336,1248215040,85.50,11984240640,12884901888,2281638912,4728646656,45595400,139660671
2026-06-20T12:27:35.753220,19.00,8,3.16,8.76,10.34,8589934592,3116318720,1281769472,85.10,11968905216,12884901888,2285066240,528400384,45603440,139671990
2026-06-20T12:28:36.424955,25.10,8,2.98,7.64,9.81,8589934592,3140354048,1310932992,84.70,12063735808,12884901888,2286342144,530429952,45605009,139674494
2026-06-20T12:28:39.355099,22.40,8,2.83,7.53,9.75,8589934592,3170615296,1314013184,84.70,12055347200,12884901888,2286360576,530450432,45605050,139674538
2026-06-20T12:29:28.641700,20.90,8,2.72,6.80,9.35,8589934592,3166715904,1300643840,84.90,12021399552,12884901888,2286686208,531064832,45605669,139675472
2026-06-20T12:29:37.081157,22.20,8,3.07,6.74,9.30,8589934592,3172122624,1354924032,84.20,12046237696,12884901888,2286830592,531299328,45605826,139675731
2026-06-20T12:30:29.304261,16.40,8,2.14,5.94,8.86,8589934592,3119464448,1287700480,85.00,12088508416,12884901888,2287264768,532200448,45606592,139676833
2026-06-20T12:30:37.732000,16.50,8,2.71,5.94,8.83,8589934592,3119824896,1306345472,84.80,12098273280,12884901888,2287298560,532232192,45606690,139676920
2026-06-20T12:31:29.959236,28.40,8,3.40,5.60,8.53,8589934592,3144073216,1278869504,85.10,12098338816,12884901888,2288106496,533934080,45608098,139678967
2026-06-20T12:31:34.988445,34.00,8,3.61,5.60,8.52,8589934592,3180789760,1324236800,84.60,12096897024,12884901888,2288205824,534109184,45608257,139679231
2026-06-20T12:31:38.384303,27.20,8,3.40,5.53,8.47,8589934592,3211624448,1401765888,83.70,12096897024,12884901888,2288351232,534447104,45608460,139679543
2026-06-20T12:32:26.705754,21.60,8,2.52,5.00,8.12,8589934592,3148152832,1288257536,85.00,12096700416,12884901888,2288637952,534687744,45609042,139680276
2026-06-20T12:32:30.611988,32.70,8,2.64,4.98,8.10,8589934592,3071557632,1273331712,85.20,12096700416,12884901888,2288656384,534705152,45609081,139680332
2026-06-20T12:32:32.354232,53.40,8,3.15,5.05,8.11,8589934592,3115941888,1307607040,84.80,12088311808,12884901888,2288664576,534711296,45609102,139680352
2026-06-20T12:32:37.993375,22.90,8,3.05,5.00,8.07,8589934592,3145498624,1315258368,84.70,12088311808,12884901888,2288694272,534739968,45609172,139680409
2026-06-20T12:32:39.025106,24.10,8,3.05,5.00,8.07,8589934592,3125673984,1305919488,84.80,12063145984,12884901888,2288694272,534740992,45609178,139680415
2026-06-20T12:32:43.639658,22.30,8,2.89,4.93,8.03,8589934592,3078864896,1258438656,85.30,12079529984,12884901888,2288695296,534742016,45609184,139680436
2026-06-20T12:32:49.286533,21.90,8,2.82,4.88,7.99,8589934592,3224158208,1406763008,83.60,12079661056,12884901888,2288835584,535016448,45609348,139680696
2026-06-20T12:32:54.938389,21.70,8,2.67,4.82,7.95,8589934592,3139616768,1270579200,85.20,12117016576,12884901888,2288899072,535350272,45609588,139681045
2026-06-20T12:33:00.583599,32.30,8,2.86,4.82,7.93,8589934592,3171254272,1232814080,85.60,12166430720,12884901888,2288914432,535364608,45609643,139681105
2026-06-20T12:33:06.229990,27.90,8,2.79,4.77,7.90,8589934592,3196076032,1345961984,84.30,12174753792,12884901888,2289018880,535385088,45609751,139681197
2026-06-20T12:33:11.879945,23.60,8,2.81,4.75,7.87,8589934592,3144253440,1336344576,84.40,12157976576,12884901888,2289018880,535385088,45609754,139681201
2026-06-20T12:33:17.532702,32.40,8,2.69,4.65,7.80,8589934592,3211444224,1292632064,85.00,12124422144,12884901888,2289032192,535392256,45609788,139681233
2026-06-20T12:33:23.189102,27.20,8,2.55,4.59,7.76,8589934592,3176349696,1263910912,85.30,12103450624,12884901888,2289049600,535402496,45609827,139681266
2026-06-20T12:33:28.843430,17.00,8,2.43,4.53,7.72,8589934592,3197812736,1285373952,85.00,12134121472,12884901888,2289062912,535407616,45609869,139681318
2026-06-20T12:33:31.275259,33.70,8,2.43,4.53,7.72,8589934592,3180544000,1267335168,85.20,12142837760,12884901888,2289063936,535407616,45609883,139681328
2026-06-20T12:33:34.506146,34.20,8,2.55,4.52,7.70,8589934592,3171794944,1238106112,85.60,12142837760,12884901888,2289068032,535408640,45609898,139681342
2026-06-20T12:33:39.675632,21.90,8,2.75,4.53,7.68,8589934592,3219701760,1314865152,84.70,12139560960,12884901888,2289075200,535417856,45609924,139681367
2026-06-20T12:33:40.149469,27.50,8,2.75,4.53,7.68,8589934592,3217620992,1344536576,84.30,12114395136,12884901888,2289078272,535417856,45609934,139681373
2026-06-20T12:33:45.796838,22.30,8,2.61,4.47,7.64,8589934592,3129114624,1278132224,85.10,12139888640,12884901888,2289080320,535419904,45609948,139681398
2026-06-20T12:33:51.437800,19.10,8,2.72,4.46,7.62,8589934592,3171401728,1299742720,84.90,12139888640,12884901888,2289090560,535420928,45609969,139681413
2026-06-20T12:33:57.080113,23.80,8,2.74,4.44,7.59,8589934592,3125002240,1278509056,85.10,12137398272,12884901888,2289094656,535422976,45609987,139681439
2026-06-20T12:34:02.729997,28.60,8,2.55,4.34,7.52,8589934592,3134013440,1289371648,85.00,12137398272,12884901888,2289106944,535435264,45610032,139681483
2026-06-20T12:34:08.367794,21.40,8,2.42,4.29,7.48,8589934592,3196780544,1359872000,84.20,12137398272,12884901888,2289108992,535437312,45610047,139681494
2026-06-20T12:34:14.019567,22.00,8,2.23,4.22,7.44,8589934592,3154968576,1267793920,85.20,12137398272,12884901888,2289120256,535453696,45610095,139681538
2026-06-20T12:34:19.667588,16.50,8,2.05,4.15,7.40,8589934592,3204497408,1368457216,84.10,12120621056,12884901888,2289121280,535454720,45610109,139681550
2026-06-20T12:34:25.320649,18.80,8,1.97,4.09,7.36,8589934592,3134144512,1285554176,85.00,12120621056,12884901888,2289137664,535460864,45610161,139681592
2026-06-20T12:34:30.979952,29.60,8,1.81,4.02,7.31,8589934592,3122937856,1279590400,85.10,12112232448,12884901888,2289147904,535470080,45610189,139681633
2026-06-20T12:34:31.920836,38.90,8,1.81,4.02,7.31,8589934592,3124264960,1295777792,84.90,12112232448,12884901888,2289147904,535470080,45610191,139681635
2026-06-20T12:34:36.635208,19.70,8,1.82,3.99,7.28,8589934592,3141189632,1270071296,85.20,12112232448,12884901888,2289148928,535470080,45610200,139681640
2026-06-20T12:34:40.325784,18.60,8,1.76,3.94,7.25,8589934592,3136929792,1321304064,84.60,12112232448,12884901888,2289156096,535482368,45610228,139681671
2026-06-20T12:34:42.283249,21.10,8,1.76,3.94,7.25,8589934592,3117367296,1250361344,85.40,12115443712,12884901888,2289156096,535483392,45610229,139681677
2026-06-20T12:34:47.930711,14.50,8,1.81,3.88,7.19,8589934592,3119120384,1281327104,85.10,12118982656,12884901888,2289167360,535573504,45610302,139681777
2026-06-20T12:34:53.576188,15.60,8,1.90,3.86,7.16,8589934592,3138338816,1290813440,85.00,12110594048,12884901888,2289168384,535574528,45610315,139681793
2026-06-20T12:34:59.223632,23.70,8,1.75,3.80,7.12,8589934592,3133652992,1283473408,85.10,12110594048,12884901888,2289173504,535576576,45610337,139681826
2026-06-20T12:35:04.866474,19.70,8,1.69,3.75,7.08,8589934592,3107389440,1271332864,85.20,12110594048,12884901888,2289173504,535577600,45610344,139681832
2026-06-20T12:35:10.509116,16.80,8,1.79,3.74,7.06,8589934592,3142647808,1301381120,84.80,12093816832,12884901888,2289173504,535577600,45610348,139681835
2026-06-20T12:35:16.157420,27.10,8,1.73,3.69,7.02,8589934592,3153756160,1300217856,84.90,12111446016,12884901888,2289439744,536079360,45610637,139682308
2026-06-20T12:35:21.809583,19.10,8,1.99,3.71,7.01,8589934592,3132637184,1328168960,84.50,12103057408,12884901888,2289534976,536460288,45610866,139682677
2026-06-20T12:35:27.456612,17.00,8,1.83,3.65,6.97,8589934592,3143401472,1334853632,84.50,12103057408,12884901888,2289618944,536484864,45610947,139682753
2026-06-20T12:35:32.612514,28.40,8,1.94,3.61,6.92,8589934592,3123953664,1331134464,84.50,12103057408,12884901888,2289721344,536503296,45611057,139682900
2026-06-20T12:35:33.126506,45.90,8,1.94,3.61,6.92,8589934592,3149905920,1357037568,84.20,12103057408,12884901888,2289722368,536503296,45611058,139682902
2026-06-20T12:35:38.771477,14.40,8,1.87,3.57,6.88,8589934592,3191717888,1390854144,83.80,12103057408,12884901888,2289723392,536505344,45611078,139682921
2026-06-20T12:35:40.978672,15.50,8,1.87,3.57,6.88,8589934592,3200794624,1387298816,83.80,12103057408,12884901888,2289723392,536505344,45611083,139682925
2026-06-20T12:35:44.429966,15.60,8,2.04,3.58,6.86,8589934592,3096772608,1285980160,85.00,12103057408,12884901888,2289724416,536506368,45611094,139682950
2026-06-20T12:35:50.086792,16.10,8,2.04,3.55,6.84,8589934592,3110469632,1301954560,84.80,12103057408,12884901888,2289725440,536510464,45611104,139682966
2026-06-20T12:35:55.731084,15.40,8,2.43,3.61,6.84,8589934592,3130376192,1313800192,84.70,12103057408,12884901888,2289725440,536511488,45611109,139682977
2026-06-20T12:36:01.380417,27.90,8,2.24,3.55,6.80,8589934592,3103457280,1296793600,84.90,12103057408,12884901888,2289730560,536524800,45611131,139683041
2026-06-20T12:36:07.025795,13.90,8,2.14,3.51,6.76,8589934592,3094511616,1284128768,85.10,12103057408,12884901888,2289731584,536525824,45611139,139683051
2026-06-20T12:36:12.677738,14.70,8,2.20,3.47,6.71,8589934592,3090874368,1289535488,85.00,12094668800,12884901888,2289731584,536525824,45611141,139683054
2026-06-20T12:36:18.328843,16.50,8,2.34,3.48,6.69,8589934592,3085254656,1274019840,85.20,12094668800,12884901888,2289732608,536526848,45611154,139683069
2026-06-20T12:36:23.980241,30.10,8,2.15,3.42,6.66,8589934592,3079946240,1256144896,85.40,12064718848,12884901888,2289754112,536535040,45611211,139683116
2026-06-20T12:36:29.637085,27.80,8,1.98,3.37,6.62,8589934592,3091169280,1275559936,85.20,12194349056,12884901888,2289764352,536544256,45611252,139683169
2026-06-20T12:36:33.263146,31.10,8,2.54,3.46,6.63,8589934592,3191685120,1381285888,83.90,12194349056,12884901888,2289775616,536547328,45611274,139683185
2026-06-20T12:36:35.289734,17.80,8,2.54,3.46,6.63,8589934592,3215392768,1395982336,83.70,12185960448,12884901888,2289775616,536547328,45611277,139683186
2026-06-20T12:36:40.939509,21.80,8,2.34,3.40,6.59,8589934592,3225960448,1410203648,83.60,12177571840,12884901888,2289785856,536564736,45611352,139683264
2026-06-20T12:36:41.622693,26.40,8,2.34,3.40,6.59,8589934592,3182837760,1363607552,84.10,12177571840,12884901888,2289785856,536564736,45611352,139683264
2026-06-20T12:36:46.580565,17.50,8,2.15,3.34,6.55,8589934592,3174187008,1348435968,84.30,12177571840,12884901888,2289798144,536585216,45611387,139683410
2026-06-20T12:36:52.229333,15.90,8,2.38,3.37,6.54,8589934592,3173367808,1366065152,84.10,12177571840,12884901888,2289804288,536597504,45611412,139683437
2026-06-20T12:36:57.878568,13.70,8,2.09,3.28,6.47,8589934592,3212820480,1393737728,83.80,12177571840,12884901888,2289808384,536600576,45611427,139683472
2026-06-20T12:37:03.527965,27.20,8,2.00,3.24,6.44,8589934592,3166420992,1350549504,84.30,12177571840,12884901888,2289817600,536606720,45611456,139683498
2026-06-20T12:37:09.174473,17.20,8,2.16,3.25,6.42,8589934592,3184541696,1364885504,84.10,12177571840,12884901888,2289818624,536606720,45611465,139683505
2026-06-20T12:37:14.822400,14.30,8,2.31,3.26,6.41,8589934592,3177693184,1352843264,84.30,12177571840,12884901888,2289818624,536608768,45611474,139683517
2026-06-20T12:37:20.469924,18.30,8,2.20,3.23,6.38,8589934592,3169517568,1350893568,84.30,12177571840,12884901888,2289819648,536608768,45611487,139683528
2026-06-20T12:37:26.117927,16.60,8,2.02,3.17,6.34,8589934592,3182690304,1362739200,84.10,12160794624,12884901888,2289829888,536611840,45611517,139683552
2026-06-20T12:37:31.764582,33.90,8,2.02,3.15,6.31,8589934592,3160047616,1345814528,84.30,12160794624,12884901888,2289839104,536646656,45611587,139683657
2026-06-20T12:37:33.913353,26.90,8,2.02,3.13,6.29,8589934592,3165913088,1349468160,84.30,12160794624,12884901888,2289839104,536648704,45611587,139683659
2026-06-20T12:37:37.405974,25.50,8,2.02,3.13,6.29,8589934592,3195977728,1392967680,83.80,12160794624,12884901888,2289845248,536662016,45611612,139683684
2026-06-20T12:37:42.278429,24.40,8,2.10,3.13,6.27,8589934592,3164798976,1340768256,84.40,12160794624,12884901888,2290007040,536887296,45611779,139683924
2026-06-20T12:37:43.044616,23.40,8,1.93,3.08,6.23,8589934592,3161063424,1347108864,84.30,12160794624,12884901888,2290007040,536887296,45611779,139683929
2026-06-20T12:37:48.691786,14.10,8,1.94,3.06,6.21,8589934592,3144712192,1318060032,84.70,12152406016,12884901888,2290042880,537139200,45611920,139684179
2026-06-20T12:37:54.342774,16.70,8,1.78,3.01,6.17,8589934592,3150118912,1313030144,84.70,12152406016,12884901888,2290143232,537161728,45612040,139684281
2026-06-20T12:37:59.995326,16.40,8,1.80,2.99,6.15,8589934592,3142008832,1307443200,84.80,12152406016,12884901888,2290161664,537181184,45612098,139684342
2026-06-20T12:38:05.643239,15.60,8,1.73,2.96,6.12,8589934592,3164848128,1347010560,84.30,12144017408,12884901888,2290162688,537183232,45612108,139684357
2026-06-20T12:38:11.286954,15.60,8,1.83,2.96,6.10,8589934592,3157557248,1341276160,84.40,12144017408,12884901888,2290162688,537184256,45612114,139684369
2026-06-20T12:38:16.940268,25.10,8,1.69,2.91,6.06,8589934592,3142402048,1278509056,85.10,12127240192,12884901888,2290173952,537214976,45612161,139684425
2026-06-20T12:38:22.588780,16.80,8,1.95,2.94,6.05,8589934592,3175301120,1354121216,84.20,12118851584,12884901888,2290176000,537225216,45612179,139684449
2026-06-20T12:38:28.230490,16.60,8,1.95,2.91,6.01,8589934592,3180036096,1307983872,84.80,12118851584,12884901888,2290187264,537237504,45612211,139684514
2026-06-20T12:38:33.877896,50.70,8,2.11,2.93,5.99,8589934592,3137994752,1284014080,85.10,12118851584,12884901888,2290362368,537469952,45612427,139684761
2026-06-20T12:38:34.572466,36.50,8,2.11,2.93,5.99,8589934592,3147087872,1283997696,85.10,12118851584,12884901888,2290369536,537473024,45612443,139684792
2026-06-20T12:38:39.515663,26.70,8,2.10,2.91,5.97,8589934592,3143991296,1277722624,85.10,12160401408,12884901888,2290380800,537484288,45612468,139684817
2026-06-20T12:38:42.929164,31.50,8,2.10,2.91,5.97,8589934592,3125051392,1279508480,85.10,12160401408,12884901888,2290381824,537487360,45612482,139684841
2026-06-20T12:38:45.159822,25.90,8,2.57,3.00,5.98,8589934592,3126116352,1281245184,85.10,12160401408,12884901888,2290381824,537488384,45612486,139684852
2026-06-20T12:38:50.804106,37.00,8,2.93,3.06,5.99,8589934592,3149479936,1320271872,84.60,12160401408,12884901888,2290471936,537703424,45612647,139685081
2026-06-20T12:38:56.454640,41.20,8,2.85,3.05,5.97,8589934592,3110289408,1271496704,85.20,12203720704,12884901888,2290478080,537725952,45612689,139685141
2026-06-20T12:39:02.103148,43.60,8,2.62,3.00,5.93,8589934592,3180298240,1349533696,84.30,12203720704,12884901888,2290489344,537748480,45612737,139685207
2026-06-20T12:39:07.747043,26.40,8,2.81,3.03,5.92,8589934592,3089432576,1260306432,85.30,12140281856,12884901888,2290553856,537787392,45612833,139685304
2026-06-20T12:39:13.392966,26.00,8,2.62,2.98,5.87,8589934592,3101605888,1281622016,85.10,12140281856,12884901888,2290556928,537797632,45612857,139685329
2026-06-20T12:39:19.044384,38.10,8,4.49,3.36,5.99,8589934592,3146743808,1282637824,85.10,12098338816,12884901888,2290558976,537816064,45612879,139685361
2026-06-20T12:39:24.696872,30.60,8,4.29,3.34,5.97,8589934592,3096412160,1273184256,85.20,12117344256,12884901888,2290569216,537837568,45612917,139685405
2026-06-20T12:39:30.350590,26.40,8,4.59,3.41,5.98,8589934592,3105882112,1257095168,85.40,12134055936,12884901888,2290570240,537847808,45612932,139685442
2026-06-20T12:39:35.231743,34.30,8,4.62,3.44,5.97,8589934592,3107602432,1273217024,85.20,12137725952,12884901888,2290573312,537852928,45612958,139685465
2026-06-20T12:39:36.006899,27.80,8,4.62,3.44,5.97,8589934592,3107651584,1273348096,85.20,12137725952,12884901888,2290574336,537852928,45612969,139685475
2026-06-20T12:39:41.647114,33.10,8,4.41,3.42,5.95,8589934592,3101605888,1273823232,85.20,12137725952,12884901888,2290575360,537854976,45612981,139685491
2026-06-20T12:39:43.570100,27.50,8,4.14,3.38,5.92,8589934592,3091202048,1259241472,85.30,12138119168,12884901888,2290583552,537863168,45613000,139685518
2026-06-20T12:39:47.294872,23.80,8,4.14,3.38,5.92,8589934592,3089842176,1262944256,85.30,12141330432,12884901888,2290589696,537880576,45613033,139685569
2026-06-20T12:39:52.939340,23.80,8,3.88,3.34,5.89,8589934592,3099115520,1253933056,85.40,12132941824,12884901888,2290614272,537979904,45613148,139685703
2026-06-20T12:39:58.591149,25.10,8,3.53,3.28,5.84,8589934592,3123691520,1249460224,85.50,12136218624,12884901888,2290622464,537993216,45613195,139685763
2026-06-20T12:40:04.236664,36.30,8,3.80,3.34,5.84,8589934592,3101294592,1268547584,85.20,12137005056,12884901888,2290634752,538023936,45613245,139685824
2026-06-20T12:40:09.890979,24.20,8,3.90,3.36,5.84,8589934592,3082207232,1264779264,85.30,12133203968,12884901888,2290636800,538033152,45613268,139685848
2026-06-20T12:40:15.543369,23.10,8,4.15,3.42,5.85,8589934592,3088646144,1263878144,85.30,12140085248,12884901888,2290638848,538043392,45613287,139685873
2026-06-20T12:40:21.192771,24.80,8,3.90,3.38,5.82,8589934592,3128672256,1300889600,84.90,12131696640,12884901888,2290640896,538044416,45613304,139685883
2026-06-20T12:40:26.871991,30.80,8,3.98,3.41,5.81,8589934592,3153592320,1252704256,85.40,12114919424,12884901888,2290651136,538065920,45613344,139685935
2026-06-20T12:40:28.571981,37.40,8,3.83,3.39,5.79,8589934592,3086286848,1262206976,85.30,12114919424,12884901888,2290652160,538074112,45613352,139685952
2026-06-20T12:40:32.522923,40.10,8,3.83,3.39,5.79,8589934592,3112681472,1296105472,84.90,12131368960,12884901888,2290666496,538085376,45613385,139685990
2026-06-20T12:40:34.250950,38.10,8,3.84,3.40,5.78,8589934592,3133685760,1260814336,85.30,12131368960,12884901888,2290674688,538091520,45613407,139686009
2026-06-20T12:40:35.883090,23.40,8,3.84,3.40,5.78,8589934592,3104227328,1277673472,85.10,12131368960,12884901888,2290678784,538091520,45613415,139686014
2026-06-20T12:40:38.173322,26.40,8,4.33,3.51,5.80,8589934592,3072163840,1270054912,85.20,12140281856,12884901888,2290682880,538094592,45613422,139686019
2026-06-20T12:40:39.906678,24.70,8,4.33,3.51,5.80,8589934592,3074228224,1282441216,85.10,12140281856,12884901888,2290690048,538094592,45613432,139686025
2026-06-20T12:40:43.827689,24.60,8,4.23,3.50,5.79,8589934592,3077881856,1276968960,85.10,12140281856,12884901888,2290690048,538096640,45613439,139686048
2026-06-20T12:40:44.208507,24.30,8,4.23,3.50,5.79,8589934592,3076063232,1273544704,85.20,12140281856,12884901888,2290690048,538096640,45613439,139686048
2026-06-20T12:40:45.554904,24.80,8,4.23,3.50,5.79,8589934592,3071295488,1270726656,85.20,12140281856,12884901888,2290690048,538096640,45613442,139686051
2026-06-20T12:40:49.472865,33.30,8,4.21,3.51,5.78,8589934592,3164340224,1259028480,85.30,12140281856,12884901888,2290705408,538097664,45613461,139686070
2026-06-20T12:40:51.203192,28.80,8,4.21,3.51,5.78,8589934592,3110240256,1264861184,85.30,12140281856,12884901888,2290729984,538108928,45613493,139686099
